Headline,Source,Category,Scraped_At
"Andy Burnham wins by-election, paving way for possible leadership challenge to UK PM Keir Starmer",BBC,General,2026-06-19 14:06:55
Who is Andy Burnham? Returning MP who wants to be prime minister,BBC,General,2026-06-19 14:06:55
Meet Merlin the Duck: Mexico's World Cup 'ambassador',BBC,General,2026-06-19 14:06:55
What Iran and US get from deal and why both could struggle to keep it,BBC,General,2026-06-19 14:06:55
US-Iran talks postponed as Vance pulls out of Switzerland trip,BBC,General,2026-06-19 14:06:55
"Do it at home too, women tell Japanese fans who cleaned World Cup stadium",BBC,General,2026-06-19 14:06:55
UK actress charged with importing meth worth almost A$300m into Australia,BBC,General,2026-06-19 14:06:55
India's cash transfer boom gives relief to the poor but strains budgets,BBC,Tech,2026-06-19 14:06:55
The pressure on the Church of England to ditch its slavery reparations plan,BBC,General,2026-06-19 14:06:55
Moscow residents complain of black rain after largest Ukrainian attack hits oil refinery,BBC,Tech,2026-06-19 14:06:55
London Marathon to be two-day event in 2027,BBC,General,2026-06-19 14:06:55
World Cup: Mexico progress and Canada win after Kone leg-break,BBC,General,2026-06-19 14:06:55
Zoo worker jumped into crocodile enclosure to save injured boy,BBC,General,2026-06-19 14:06:55
Iran to lodge complaint over travel restrictions,BBC,Tech,2026-06-19 14:06:55
'Even the Coke is big': Visiting World Cup fans take in American culture,BBC,General,2026-06-19 14:06:55
Canada thrash nine-man Qatar but Marsch in tears over Kone injury,BBC,General,2026-06-19 14:06:55
Substitute Manzambi inspires Switzerland to World Cup win over Bosnia,BBC,General,2026-06-19 14:06:55
South Africa score late from spot to draw with Czech Rep,BBC,General,2026-06-19 14:06:55
Thousands killed in US-Israeli war on Iran - but experts say true total may never be known,BBC,General,2026-06-19 14:06:55
"In Trump's shadow, Vance becomes face of Iran deal",BBC,General,2026-06-19 14:06:55
'I'd be put off if he asked to split it': Who should pay on a first date?,BBC,General,2026-06-19 14:06:55
"Japan ramping up defence is 'critical' to prevent war, Defence Minister Koizumi tells BBC",BBC,General,2026-06-19 14:06:55
Will Putin change tactics after Ukrainian drone attacks?,BBC,Tech,2026-06-19 14:06:55
Watch: Who is Andy Burnham?... in 90 seconds,BBC,General,2026-06-19 14:06:55
Burnham says 'this is a final chance to change' in his victory speech,BBC,General,2026-06-19 14:06:55
'There will be no kings' - Obama speaks at presidential centre opening,BBC,General,2026-06-19 14:06:55
Obamas host star-studded opening of Chicago presidential centre,BBC,General,2026-06-19 14:06:55
"Brexit cost 6% of UK economy, Bank of England company data suggests",BBC,Business,2026-06-19 14:06:55
GTA 6 pre-order date and cover art revealed by Rockstar,BBC,General,2026-06-19 14:06:55
"Tay Keith, producer who worked with Travis Scott and Drake, found dead",BBC,General,2026-06-19 14:06:55
Parents of Serbia's teenage school shooter given jail terms in retrial,BBC,Tech,2026-06-19 14:06:55
"Bird flu kills more than 75% of baby seals on remote Australian island, study finds",BBC,General,2026-06-19 14:06:55
US lifts naval blockade as Iran's supreme leader says Trump made deal 'out of desperation',BBC,General,2026-06-19 14:06:55
Man arrested after boy injured in zoo crocodile enclosure,BBC,General,2026-06-19 14:06:55
Burnham's emphatic win leaves Starmer and Labour MPs with big decision on leadership,BBC,General,2026-06-19 14:06:55
US and Iranian presidents sign deal aiming to end war,BBC,Tech,2026-06-19 14:06:55
"A day of tears, scuffles & history as injury mars Canada's moment",BBC,General,2026-06-19 14:06:55
Why Morocco game could be greatest of all for Scotland,BBC,General,2026-06-19 14:06:55
Mexico become first country to qualify for World Cup last 32,BBC,General,2026-06-19 14:06:55
McIlroy makes solid US Open start before conditions alter dynamic,BBC,General,2026-06-19 14:06:55
Hat-trick hero & Swiss wonderkid - World Cup duo set for Premier League?,BBC,General,2026-06-19 14:06:55
Visit TOI Daily & Earn Times Points,TOI,Tech,2026-06-19 14:06:55
"HI, Edit ProfileMy SubscriptionRedeem BenefitsRead Other Epapers
                                                          The Economic Times
                                                        
                                                          The Times Of India
                                                        
                                                          Mirror
                                                        
                                                          Maharashtra Times
                                                        Epaper PreferencesLOGOUT",TOI,General,2026-06-19 14:06:55
Andaman and Nicobar Islands,TOI,General,2026-06-19 14:06:55
"Black rain, smoke over Moscow: Russia-Ukraine trade bombs, drones and missiles as war intensifies",TOI,Tech,2026-06-19 14:06:55
'Same people fired bullets on karsevaks': Yogi slams oppn as Ram Mandir SIT probe widens,TOI,General,2026-06-19 14:06:55
'My married lover says I can’t move on. What should I do?',TOI,General,2026-06-19 14:06:55
Delhi HC upholds Centre's Telegram ban order ahead of NEET retest,TOI,General,2026-06-19 14:06:55
"Ashirvad Sooryavanshi: Batting all-rounder, fish lover and a 'tabahi' in the making",TOI,General,2026-06-19 14:06:55
RSS office attack in Ranchi: Pakistan ISI-backed terror network uncovered,TOI,General,2026-06-19 14:06:55
One battle after another: It’s now an existential crisis for Uddhav,TOI,General,2026-06-19 14:06:55
"After Andy Jassy’s Nvidia push, AWS may sell Trainium AI chips to other companies",TOI,Tech,2026-06-19 14:06:55
‘Do you have the guts?’ Sreesanth challenges Harbhajan Singh to ring fight,TOI,General,2026-06-19 14:06:55
US-Iran war impact: India’s Russian oil imports may touch all-time high in June,TOI,General,2026-06-19 14:06:55
'Praying for his good health & long life': PM Modi wishes Rahul on 56th birthday,TOI,General,2026-06-19 14:06:55
"As Accenture shares fall 20%, Julie Sweet says investors are missing the point",TOI,General,2026-06-19 14:06:55
Cocktail 2 crosses Rs 5 crore in advance bookings,TOI,Tech,2026-06-19 14:06:55
"Guest hurt during Shimla hotel stay, court orders Rs 20,000 payout",TOI,General,2026-06-19 14:06:55
"Swollen feet, foamy urine? Early kidney warning signs you shouldn't ignore",TOI,General,2026-06-19 14:06:55
Godfather of AI says chatbots may have consciousness; human-only consciousness may be a myth,TOI,Tech,2026-06-19 14:06:55
Psychiatrist explains why you pick at skin and nails during conversations,TOI,Tech,2026-06-19 14:06:55
US to withdraw forces from Europe; is this the beginning of Trump's 'pulling the plug' on NATO?,TOI,General,2026-06-19 14:06:55
New plan to streamline desilting of rivers and canals in Vidarbha,TOI,General,2026-06-19 14:06:55
"NEET re-examination: CISF to guard 16 centres, CRPF 14",TOI,General,2026-06-19 14:06:55
Admissions to 63 colleges affiliated to varsity frozen,TOI,General,2026-06-19 14:06:55
"Errors in NU Mass Comm degree certificates unresolved for years, say students",TOI,General,2026-06-19 14:06:55
"Suspicious weighing scale leads to Rs6L MD bust, 2 arrested",TOI,General,2026-06-19 14:06:55
Amnesty scheme for Sindhi refugees extended by a year,TOI,General,2026-06-19 14:06:55
85-year-old Buldhana farmer’s ‘acidity’ turns out to be major abdominal bleeding,TOI,General,2026-06-19 14:06:55
"Raunak holds Arjun & Vishy, Divya remains unbeaten",TOI,Tech,2026-06-19 14:06:55
‘VIP’ Roads Of Civil Lines Too Fall Prey To Poor Restoration,TOI,General,2026-06-19 14:06:55
UBT members burn effigy of MP Sanjay Deshmukh,TOI,General,2026-06-19 14:06:55
Joint teams to act against spurious liquor sale in city,TOI,Tech,2026-06-19 14:06:55
Illnesses & Despair Float In Godhni Sewage Swamp,TOI,Tech,2026-06-19 14:06:55
Repeat choking of trees with concrete: HC pulls up NMC,TOI,General,2026-06-19 14:06:55
Industry turning to Tier-II engg colleges for talent: BrahMos Aerospace MD Joshi,TOI,General,2026-06-19 14:06:55
"Sant Gulab Baba Urdu School bldg to be razed, new facility planned",TOI,General,2026-06-19 14:06:55
HC Questions Decade-Long Delay In Action Against Alleged Illegal Constructions in Kachipura,TOI,Tech,2026-06-19 14:06:55
"Govt Clears 2,700Ha Industrial Zone For Proposed Defence, Nuclear & Aerospace Corridor In Saoner",TOI,General,2026-06-19 14:06:55
BEST workers’ agitation reflects growing unity among employees: Shiv Sena (UBT) union leader Nitin Nandgaonkar,TOI,General,2026-06-19 14:06:55
Man linked to Rs 78 lakh fraud held for letting cheats use his a/c,TOI,General,2026-06-19 14:06:55
"QS rank drops, but Mumbai univ shines in grad employability",TOI,Tech,2026-06-19 14:06:55
‘Added to WhatsApp group': Mumbai man linked to Rs 78 lakh fraud held for letting cheats use his account,TOI,Tech,2026-06-19 14:06:55
Shiv Sena (UBT) crisis: Pending verdict in 2006 Pawanraje Nimbalkar murder case adds another twist to MP son’s dilemma,TOI,General,2026-06-19 14:06:55
"A tram crash, Jaipur Foot and a TV-break idea that changed physics: Rajasthan-born Jainendra Jain wins Wolf Prize",TOI,Tech,2026-06-19 14:06:55
"Shiv Sena turns 60: 3 MPs with Uddhav Thackeray camp, 6 rebels stay away; Rajabhau Waze becomes face of UBT resistance",TOI,General,2026-06-19 14:06:55
Mumbai Pocso case accused gets temporary bail to write NEET retest,TOI,Tech,2026-06-19 14:06:55
"BEST employees in bus, power supply division on strike; Mumbai commuters hit",TOI,Tech,2026-06-19 14:06:55
"BMC trouble for Uddhav Sena after MP split? Shinde camp claims 25 UBT corporators in touch, as caste doc row cuts tally",TOI,Tech,2026-06-19 14:06:55
"Man dead, wife, 2 firemen injured in Bandra blaze",TOI,General,2026-06-19 14:06:55
‘She has made a choice’: Bombay HC permits termination of teen’s 27-week pregnancy,TOI,General,2026-06-19 14:06:55
9 from Africa detained in combing operation across Navi Mumbai,TOI,Tech,2026-06-19 14:06:55
FIRs against principals of 14 illegal schools in Malwani,TOI,Tech,2026-06-19 14:06:55
Two company directors arrested over export of controlled substance to Czech Republic without NOC,TOI,General,2026-06-19 14:06:55
Water stock in seven reservoirs below 10%; BMC may impose additional 10% cut on supply to Mumbai from July,TOI,Tech,2026-06-19 14:06:55
"GST inspector in Maharashtra held in Rs 10,000 graft case",TOI,General,2026-06-19 14:06:55
"Andheri police in Mumbai book youth for trespassing on Metro track, service delayed",TOI,Tech,2026-06-19 14:06:55
‘Doctor sir never troubled her': Mount Kailash murder probe reveals Dr Manish Gupta’s feud with wife over househelp,TOI,Tech,2026-06-19 14:06:55
"‘Whom should I kill?': Police say Delhi doctor considered killing wife, son and self but maid became his victim",TOI,Tech,2026-06-19 14:06:55
"Fake pregnancies, forged documents, shady deals: How child trafficking racket operated in Delhi hospital",TOI,General,2026-06-19 14:06:55
India's world-class airports and the first-impression challenge facing its cities,TOI,Tech,2026-06-19 14:06:55
Ambassador Hotel eviction row: Delhi high court to hear Sir Sobha Singh & Sons' appeal against Centre-backed action,TOI,Tech,2026-06-19 14:06:55
'Slit mark on neck resembles medical incision': How horror unfolded at Delhi doctor Manish Gupta's Mount Kailash house,TOI,Tech,2026-06-19 14:06:55
Sister’s Bone Marrow Gives 5-Year-Old a Chance at a Pain-Free Life,TOI,Tech,2026-06-19 14:06:55
"MCD to start property tax, trade licence integration on Monday, but questions remain",TOI,Tech,2026-06-19 14:06:55
Scrap Dealer Shot Near Tughlaq Road,TOI,General,2026-06-19 14:06:55
"Elevated Ring Road to add Yamuna bridges, ease Delhi traffic",TOI,General,2026-06-19 14:06:55
MCD to hold elections for vending committees in July,TOI,General,2026-06-19 14:06:55
20% job reservation for ex-Agniveers in Delhi govt depts,TOI,General,2026-06-19 14:06:55
"Rs 5 lakh aid, CM’s praise for south Delhi fire hero",TOI,Tech,2026-06-19 14:06:55
Cooling zones to be set up at centres for parents of NEET aspirants,TOI,General,2026-06-19 14:06:55
HC seeks ED reply on bail plea in Al-Falah Trust case,TOI,Tech,2026-06-19 14:06:55
CJP to hold protest at Jantar Mantar on June 20,TOI,General,2026-06-19 14:06:55
"MCD, DJB, other agencies set for major service delivery shake-up",TOI,General,2026-06-19 14:06:55
Kailash Nagar case: Husband held in Mumbai for killing 30-year-old woman in Delhi,TOI,Tech,2026-06-19 14:06:55
"Monsoon crisis: Farmers skip fields, protest land acquisition, irrigation delay",TOI,General,2026-06-19 14:06:55
Career calling: Nursing sees male surge at Rajiv Gandhi University of Health Sciences in Bengaluru; MBBS gender gap continues,TOI,General,2026-06-19 14:06:55
Premium Floor Area Ratio scheme not Akrama-Sakrama by another name: Karnataka high court,TOI,General,2026-06-19 14:06:55
No new Namma Metro constructions in 4.5 years as approvals lag,TOI,General,2026-06-19 14:06:55
Halasuru:  A neighborhood where history still shapes the present,TOI,General,2026-06-19 14:06:55
Road trip to the rains: A journey through Karnataka’s waterfalls,TOI,Tech,2026-06-19 14:06:55
Cops shouldn’t be allowed to probe purely civil cases: HC,TOI,General,2026-06-19 14:06:55
"Traders demand end to harassment over tobacco sales, urge govt to act against manufacturers",TOI,Tech,2026-06-19 14:06:55
"Council majority for Congress opens door to review of anti-cow slaughter, anti-conversion laws",TOI,General,2026-06-19 14:06:55
Rebel MLAs cites ‘atmasakshi’ to justify votes,TOI,General,2026-06-19 14:06:55
Hunt for black sheep begins as ballot exposes cracks in BJP-JD(S) alliance,TOI,General,2026-06-19 14:06:55
2 feared drowned while cleaning tank in Bengaluru,TOI,General,2026-06-19 14:06:55
Bangalore Development Authority’s plantation drive on June 27,TOI,General,2026-06-19 14:06:55
"Karnataka high court backs Bangalore Development Authority’s land allotment provision, bins PIL",TOI,General,2026-06-19 14:06:55
"Coparcenary rights apply only to ancestral property, not self-acquired assets: Karnataka high court",TOI,General,2026-06-19 14:06:55
'Cross-voting' hits NDA: How 12 votes changed Karnataka MLC election battle; Congress bags 5 of 7 seats,TOI,General,2026-06-19 14:06:55
Padlocked and empty: What happened to Bengaluru’s viral plaza?,TOI,General,2026-06-19 14:06:55
Normalise conversations to rid stigma against sickle cell disease: Doctors,TOI,Tech,2026-06-19 14:06:55
Pushpa 2 screening stampede case: Hyderabad court summons Allu Arjun; hearing on June 22,TOI,General,2026-06-19 14:06:55
Telangana high court dismisses ED appeals in VANPIC quid pro quo case involving ex-CM YS Jagan Reddy,TOI,General,2026-06-19 14:06:55
Telangana high court questions SBI over Rs 500 crore loan for Rs 200 crore project in Hyderabad,TOI,General,2026-06-19 14:06:55
From pottery workshops to brunches: How Hyderabad is celebrating Father’s Day,TOI,General,2026-06-19 14:06:55
Rythu Bharosa release on June 30; govt urges farmers to delay sowing,TOI,General,2026-06-19 14:06:55
Raidurg land row: SBI claims ownership as govt defends auction,TOI,Tech,2026-06-19 14:06:55
NIA files chargesheet against Gade Innaiah for alleged Maoist links,TOI,Tech,2026-06-19 14:06:55
"3 of a family dead, 1 injured as car rams into truck",TOI,General,2026-06-19 14:06:55
Eagle force seizes 500kg ganja in Odisha,TOI,General,2026-06-19 14:06:55
825 kg adulterated paneer seized in city,TOI,General,2026-06-19 14:06:55
Udgir-based ganja kingpin on EAGLE radar after 200kg haul,TOI,General,2026-06-19 14:06:55
"HC orders HCA to pay clubs, slams Rs 68 cr payout to Visaka",TOI,General,2026-06-19 14:06:55
"Hyderabad gets rain relief, but waterlogging, traffic snarls follow",TOI,Tech,2026-06-19 14:06:55
11-yr-old drives convertible on Hyderabad’s Outer Ring Road; bizman dad booked,TOI,General,2026-06-19 14:06:55
"Countless pleas, but no information on teenager from Telangana who went missing in Finland",TOI,General,2026-06-19 14:06:55
"Research, international collabs push IIT-Hyderabad up 76 places in QS World Rankings",TOI,General,2026-06-19 14:06:55
"Disc bulge strikes young techies, doctors sound alarm",TOI,Tech,2026-06-19 14:06:55
Tamil Nadu govt announces senior police appointments ahead of DGP Seema Aggarwal’s retirement,TOI,General,2026-06-19 14:06:55
CBSE Class XII revaluation glitch and delay affects professional courses admissions in TN,TOI,General,2026-06-19 14:06:55
'Not at all acceptable': Tamil Nadu assembly passes resolution against Karnataka’s Mekedatu dam project,TOI,Tech,2026-06-19 14:06:55
Education: New TN Govt Can Learn A Lesson Or Two From Past Administrations,TOI,General,2026-06-19 14:06:55
Will AIADMK dissidents add heft or flab to TVK?,TOI,Tech,2026-06-19 14:06:55
YKK India to invest $150 mn in new Chennai factory,TOI,Tech,2026-06-19 14:06:55
Delsey Paris eyes India sourcing play as it targets 2x growth by 2030,TOI,General,2026-06-19 14:06:55
FCNR(B) net inflows plunge 87% in FY26; banks hike rates to woo NRI deposits,TOI,General,2026-06-19 14:06:55
NEET re-exam: Medical aspirants expect tough question paper after paper leak,TOI,General,2026-06-19 14:06:55
TVK govt will continue two-language policy,TOI,General,2026-06-19 14:06:55
TN govt to unveil new industrial policy,TOI,General,2026-06-19 14:06:55
Firm in rooting out rampant corruption: Govt,TOI,General,2026-06-19 14:06:55
Udhayanidhi says governor’s address showed there was understanding between TVK and BJP,TOI,General,2026-06-19 14:06:55
Legal steps to stop Mekedatu dam: Govt,TOI,General,2026-06-19 14:06:55
Seating shift signals strain in DMK-MDMK alliance,TOI,Tech,2026-06-19 14:06:55
"Governor’s address lacked substance, says EPS",TOI,General,2026-06-19 14:06:55
"Veteran CPI leader C Mahendran joins TVK, says red ideology alive",TOI,General,2026-06-19 14:06:55
Jitendra Singh slams Farooq,TOI,General,2026-06-19 14:06:55
Punjab jailbreak: 1 killed,TOI,Tech,2026-06-19 14:06:55
'Note ban for political gains',TOI,Tech,2026-06-19 14:06:55
Delhi: Crackers' sale banned,TOI,General,2026-06-19 14:06:55
Minister hurls abuses at cops,TOI,General,2026-06-19 14:06:55
Couple got married in Rs 500,TOI,General,2026-06-19 14:06:55
Police seize Rs 1.15 crore cash,TOI,General,2026-06-19 14:06:55
"Gold price prediction: What's the outlook for gold prices on June 19, 2026 & what should investors do? Buy on dips recommended",TOI,General,2026-06-19 14:06:55
US-Iran war impact: India’s Russian oil imports may touch all-time high in June; how crude strategy has shifted,TOI,General,2026-06-19 14:06:55
"Why is stock market down today? BSE Sensex drops over 800 points, Nifty50 below 24,000 as IT stocks crash - top 5 reasons for fall",TOI,General,2026-06-19 14:06:55
"Infosys, TCS & other Indian IT stocks crash! How Accenture’s warning has led to big sell-off - what brokerages are saying",TOI,General,2026-06-19 14:06:55
Rupee rebounds 20 paise to 94.20 on hopes of India-US trade deal,TOI,Tech,2026-06-19 14:06:55
"US gas dips below $4 again, yet household budgets remain under pressure",TOI,Tech,2026-06-19 14:06:55
SpaceX rally loses steam: Stock price falls over 6% after blockbuster debut week at Wall Street,TOI,General,2026-06-19 14:06:55
Oil prices edge higher after Vance threatens Israel against violating ceasefire,TOI,Tech,2026-06-19 14:06:55
"Accenture shares plunge over 14% as Iran war dents outlook, sparks IT selloff",TOI,General,2026-06-19 14:06:55
India-UK social security pact to slash costs for firms; up to 95% of Indian professionals to gain,TOI,Tech,2026-06-19 14:06:55
International Business NEWS,TOI,Business,2026-06-19 14:06:55
$625K in three days: How internet came to the help of elderly Kansas woman after yard cleanup,TOI,General,2026-06-19 14:06:55
‘Hate has no place in US’: Indian-American Congressman condemns racist chants in Texas,TOI,General,2026-06-19 14:06:55
From repairing buoys to making history: Meet the US Coast Guard diver who became the first 'Coastie' to complete the Navy's toughest diving course,TOI,Tech,2026-06-19 14:06:55
Main suspect held in killing of Sikh couple inside Pakistan's Khyber Pakhtunkhwa gurdwara,TOI,Tech,2026-06-19 14:06:55
'Monster bites back': India slams 'Frankenstein' Pakistan over terror links; calls Indus Waters Treaty outdated at UNHRC,TOI,General,2026-06-19 14:06:55
'MoU already signed digitally': Pakistan PM Shehbaz Sharif postpones Switzerland visit for US-Iran peace deal ceremony,TOI,General,2026-06-19 14:06:55
Has Sri Lanka recovered from its economic collapse? Three years after the crisis,TOI,General,2026-06-19 14:06:55
Bangladesh summons Indian envoy after PM Tarique Rahman's adviser stopped at Delhi airport,TOI,Tech,2026-06-19 14:06:55
"After India visit, Nepal foreign minister arrives in China to outline new government's policy",TOI,General,2026-06-19 14:06:55
"Labour's Andy Burnham wins Makerfield by-election, clears way to challenge Starmer for Britain's top job",TOI,Tech,2026-06-19 14:06:55
"Andy Burnham wins crucial Makerfield by-election, intensifying pressure on PM Keir Starmer",TOI,General,2026-06-19 14:06:55
Indian citizen charged with stabbing another Indian citizen to death in Southall,TOI,General,2026-06-19 14:06:55
German proverb of the day: 'Crooked logs also make straight fires',TOI,Tech,2026-06-19 14:06:55
'Priye mitr': Macron bids farewell to PM Modi with a Hindi greeting,TOI,General,2026-06-19 14:06:55
‘Deliberate and serious actions’: UK court jails 2 Chinese-British nationals for spying on Hong Kong dissidents,TOI,Tech,2026-06-19 14:06:55
Chinese FM Wang Yi to visit India for high-level BRICS meet,TOI,General,2026-06-19 14:06:55
"China condemns new Taiwan intelligence tip website, vows ‘resolute countermeasures’",TOI,Tech,2026-06-19 14:06:55
"US Iran Deal Live Updates: Hours after US-Iran deal, Israeli strikes kill at least 16 in southern Lebanon",TOI,General,2026-06-19 14:06:55
Iran to start charging fee in Strait of Hormuz after 60-day negotiation window: Report,TOI,Tech,2026-06-19 14:06:55
'Trump is Israel's only ally': JD Vance's blunt message to Netanyahu over Iran deal criticism,TOI,General,2026-06-19 14:06:55
How a dangerous sewage-filled river became one of Atlanta's top recreation spots,TOI,General,2026-06-19 14:06:55
"5,500-year-old Canaanite blade factory discovered in Israel reveals surprisingly advanced society",TOI,General,2026-06-19 14:06:55
About 300 students and teachers evacuated after fire breaks out at Tokyo school,TOI,General,2026-06-19 14:06:55
‘Last for me’: Manuel Neuer confirms retirement after FIFA World Cup 2026 in emotional announcement,TOI,General,2026-06-19 14:06:55
'His leg is hanging off!' Coach's desperate shout captures horror of Ismael Kone's freak FIFA World Cup injury,TOI,General,2026-06-19 14:06:55
‘Respect his privacy’: Family issues emotional plea as Lionel Messi's father battles illness,TOI,General,2026-06-19 14:06:55
"Tennis queens in 40s, Serena and Venus Williams reunite for Wimbledon doubles",TOI,General,2026-06-19 14:06:55
Serena Williams' comeback ends after just one match as injury cuts short Queen's Club run,TOI,General,2026-06-19 14:06:55
'I belong to this level': Sriram Balaji opens up after French Open breakthrough,TOI,General,2026-06-19 14:06:55
From London heartbreak to 413 caps: The making of Manpreet Singh’s enduring legacy,TOI,General,2026-06-19 14:06:55
"India beat Japan to storm into FIH Nations Cup semifinals, move closer to Pro League spot",TOI,General,2026-06-19 14:06:55
From 0–2 down to 3–2 up: India fight back to beat USA in FIH Nations Cup opener,TOI,General,2026-06-19 14:06:55
A golfer’s career is often defined by Major show,TOI,General,2026-06-19 14:06:55
Indian Golf Union to send three-member team for 2026 Queen Sirikit Cup,TOI,General,2026-06-19 14:06:55
"Vijay Kumar, an extraordinary heavyweight of Indian golf",TOI,General,2026-06-19 14:06:55
McLaren will be in the fight for title entire season: Jean Alesi,TOI,General,2026-06-19 14:06:55
"Mercedes in F1: Rise, fall, and rebirth of an empire - the story of a team that refused to stay down",TOI,General,2026-06-19 14:06:55
"Arvid Lindblad interview: Playing cricket at Mumbai maidans, Indian roots, F1 journey, Verstappen bond",TOI,Tech,2026-06-19 14:06:55
"PV Sindhu, Satwik-Chirag headline India’s badminton team for Asian Games: See full squad here",TOI,General,2026-06-19 14:06:55
Setback for Indian badminton fans as PV Sindhu exits Australian Open in semifinals,TOI,General,2026-06-19 14:06:55
"PV Sindhu storms into Australian Open semis, sets up blockbuster clash with Akane Yamaguchi",TOI,General,2026-06-19 14:06:55
"After parting ways with Jan Zelezny, Neeraj Chopra returns to Indian coach",TOI,General,2026-06-19 14:06:55
'Difficult to understand how...': Manika Batra questions Asian Games 2026 snub,TOI,General,2026-06-19 14:06:55
Doha Diamond League: Neeraj Chopra eyes strong comeback in season opener,TOI,General,2026-06-19 14:06:55
Diljit Dosanjh shows deep respect by touching Naseeruddin Shah’s feet in BTS video from on ‘Main Vaapas Aaunga’ set - Watch,TOI,Tech,2026-06-19 14:06:55
"Salman Khan was mentally, emotionally drained after Baba Siddiqui's demise, rib injury, still showed up on Sikandar set, says his co-star praising the actor",TOI,Tech,2026-06-19 14:06:55
"‘Cocktail 2’ Twitter review: Shahid Kapoor, Kriti Sanin, Rashmika Mandanna starrer divides netizens over its 'triangle' love story",TOI,Tech,2026-06-19 14:06:55
Nina Dobrev sparks dating rumors after NYC stroll with model Douglas Joseph and dog Maverick following Shaun White split,TOI,General,2026-06-19 14:06:55
‘They’re just really addictive’: 'Supergirl' star Milly Alcock opens up about the grounding meaning behind her 20 tattoos,TOI,General,2026-06-19 14:06:55
'The Devil Wears Prada 2' star Stanley Tucci and Felicity Blunt join the Royal family for the 2026 Royal Ascot,TOI,General,2026-06-19 14:06:55
‘No connection to Pushpa’: Rajkumar Periyasamy clears the air on Dhanush starrer ‘OM’ title controversy,TOI,Tech,2026-06-19 14:06:55
"'Nooru Saami' Twitter review: Director Sasi’s emotional drama wins hearts with understated storytelling, Vijay Antony and Swasika’s powerful performances praised",TOI,Tech,2026-06-19 14:06:55
"Samantha Ruth Prabhu consumes 100g protein daily at just 50 kg, has banned 'superfoods' from diet after myositis diagnosis",TOI,Tech,2026-06-19 14:06:55
"Sagar Surya: Cinema is for dreamers; when my friends were earning six figures, I didn't even have Rs 500 in my pocket",TOI,General,2026-06-19 14:06:55
'Balan – The Boy' Twitter review: Director Chidambaram wins praise for 'intense and gripping' psychological thriller,TOI,Tech,2026-06-19 14:06:55
"'i, Nobody' trailer out: Prithviraj Sukumaran hints at a dark secret; Parvathy Thiruvothu joins the mystery",TOI,Tech,2026-06-19 14:06:55
"Second chances in love see rising demand for couples therapy, finds study",TOI,General,2026-06-19 14:06:55
Why more young people are rejecting performative dating,TOI,General,2026-06-19 14:06:55
"Major gaps in POSH Act implementation explained: 2026 studies expose law failure, experts reveal why harassment at workplace is still not reported",TOI,Tech,2026-06-19 14:06:55
Inside the boom in ‘GLP-1-friendly’ eating,TOI,General,2026-06-19 14:06:55
Slow interiors era: Why Indian homes are moving away from “instagram interiors” and returning to slow living,TOI,General,2026-06-19 14:06:55
Making connections one pedal at a time: Is ultracyling the new golf?,TOI,General,2026-06-19 14:06:55
From Aishwarya to Sonam: Best beauty looks at Cannes 2018,TOI,Tech,2026-06-19 14:06:55
"Alia Bhatt, Aishwarya Rai and Priyanka Chopra love this HOT fashion trend!",TOI,Tech,2026-06-19 14:06:55
How to remove stubborn Holi colours from skin and hair,TOI,Tech,2026-06-19 14:06:55
5 Ways students can cut down their budget in Australia,TOI,General,2026-06-19 14:06:55
BOOKED AND BUSY: How Chennai’s book clubs are now the city’s comfort space,TOI,Tech,2026-06-19 14:06:55
Wildflowering: Letting love bloom naturally,TOI,General,2026-06-19 14:06:55
National Reading Day: 5 books that linger long after the last page,TOI,General,2026-06-19 14:06:55
"Quote of the day by Madeleine L'Engle: ""Life, with its rules, its obligations, and its freedoms, is like a sonnet: You’re given the form, but you have to...""",TOI,General,2026-06-19 14:06:55
Psychology says people who name their plants are more normal than you think,TOI,General,2026-06-19 14:06:55
"Psychology says if you argue with auto/ cab drivers about ₹10, you display these 5 traits and last one is surprisingly positive",TOI,Tech,2026-06-19 14:06:55
Keep mosquitoes away naturally: 8 plants every balcony garden should have,TOI,General,2026-06-19 14:06:55
Samantha Ruth Prabhu’s fiery red saree sets the stage for an iconic reunion with TN Chief Minister Thalapathy Vijay,TOI,General,2026-06-19 14:06:55
"Inside Mark Zuckerberg's watch collection: From a $120 Casio G-Shock to a $2 million J.P. Fourne watch, Meta founder's beautiful timepieces",TOI,General,2026-06-19 14:06:55
Spider-Man: Brand New Day promotions - Tom Holland kept it classic; Zendaya arrived in a leg-baring Louis Vuitton look,TOI,General,2026-06-19 14:06:55
'Putin has gone absolutely crazy': Trump loses cool over Russia’s massive drone attack in Ukraine,TOI,Tech,2026-06-19 14:06:55
"Independence Day 2019: Priyanka Chopra to Taimur Ali Khan, Bollywood celebrities who donned the Indian tri-color",TOI,Tech,2026-06-19 14:06:55
Nawab Shah and Pooja Batra's epic love story: These 10 pictures are proof,TOI,General,2026-06-19 14:06:55
Kriti Sanon: Interesting statements by the actress,TOI,General,2026-06-19 14:06:55
Bollywood couples who went public with their love affair in 2018,TOI,Tech,2026-06-19 14:06:55
Movies to watch on New Year's Eve,TOI,General,2026-06-19 14:06:55
Shibani Dandekar's most sizzling pictures,TOI,General,2026-06-19 14:06:55
'Batti Gul Meter Chalu': All you need to know about the Shahid Kapoor-Shraddha Kapoor starrer,TOI,General,2026-06-19 14:06:55
Here's a look at the Television actresses who will be making their Bollywood debut with their upcoming films,TOI,General,2026-06-19 14:06:55
Bollywood actors who would be great teachers,TOI,General,2026-06-19 14:06:55
Bollywood actors who resorted to public transport,TOI,Sports,2026-06-19 14:06:55
Ranveer Singh: Reasons we love the actor,TOI,General,2026-06-19 14:06:55
Lesser known facts about Gurmeet Choudhary,TOI,General,2026-06-19 14:06:55
FIFA World Cup 2022 Schedule,TOI,General,2026-06-19 14:06:55
BSEB Sakshamta Pariksha Phase V answer key,TOI,General,2026-06-19 14:06:55
AP SSC Supplementary Result,TOI,General,2026-06-19 14:06:55
Terms of Use and Grievance Redressal Policy,TOI,General,2026-06-19 14:06:55
Psychology of Spicy Food Lovers,TOI,General,2026-06-19 14:06:55
Indian Airline Baggage Rules,TOI,Tech,2026-06-19 14:06:55
Lipstick Harmful Ingredients,TOI,General,2026-06-19 14:06:55
Peddi Box Office Collection,TOI,General,2026-06-19 14:06:55
Main Vaapas Aaunga Box Office Collection,TOI,Tech,2026-06-19 14:06:55
Food Waste Biodegradable Paper,TOI,General,2026-06-19 14:06:55
Captions For Instagram Posts,TOI,General,2026-06-19 14:06:55
Anthropic Trump Administration,TOI,General,2026-06-19 14:06:55
Garena Free Fire MAX Redeem Codes,TOI,General,2026-06-19 14:06:55
TOI Ecopreneur Awards 2026,TOI,General,2026-06-19 14:06:55
Hazaribag man drowns while fishing in lake,TOI,General,2026-06-19 14:06:55
"""Behen Darr Gayi!"": Fans relive ‘Bhagam Bhag’ era after watching Akshay Kumar's 'Bhooth Bangla' trailer",TOI,Tech,2026-06-19 14:06:55
MBOSE HSLC result 2026 to release tomorrow: Check details here,TOI,Tech,2026-06-19 14:06:55
"Iran war risk: JPMorgan CEO Jamie Dimon warns of oil shocks, sticky inflation and higher interest rates",TOI,General,2026-06-19 14:06:55
Make your clutch last longer with these easy driving tips,TOI,General,2026-06-19 14:06:55
“Three-against-one situation”: El Rubius opens up on being “targeted” in MrBeast’s viral $1M challenge,TOI,Tech,2026-06-19 14:06:55
Bihar BTSC lab assistant notification released for 1091 posts at btsc.bihar.gov.in; apply here,TOI,General,2026-06-19 14:06:55
IPL craze costs techie Rs 1.46 lakh in fake RCB vs CSK ticket scam,TOI,Tech,2026-06-19 14:06:55
Raising “robot-proof” kids: Why creativity and curiosity matter more than ever,TOI,Tech,2026-06-19 14:06:55
Inside ‘Satguru Sharan’: Exploring Saif Ali Khan and Kareena Kapoor Khan’s Rs 100 crore Bandra home,TOI,Tech,2026-06-19 14:06:55
How selling Alaska in 1867 was a costly mistake for Russia,TOI,General,2026-06-19 14:06:55
'Hera Pheri 3 is coming': Paresh Rawal dismisses delay reports and reveals he will 'start shooting soon',TOI,General,2026-06-19 14:06:55
"US-Iran War: A daring rescue Hollywood blockbuster is on its way. Till then, pick your favourite from these 10 films on bringing someone home against all odds",TOI,Tech,2026-06-19 14:06:55
"Kolkata team unveils fan mural at Rash Behari Avenue, celebrating city’s first love",TOI,General,2026-06-19 14:06:55
How US spread a lie to rescue a pilot of a jet shot down in Iran,TOI,General,2026-06-19 14:06:55
"Netflix unveils ‘VOID’, an AI model that can change a movie plot",TOI,Tech,2026-06-19 14:06:55
"AI data centers are causing 'stress' not just to tech companies, but also private insurers",TOI,Tech,2026-06-19 14:06:55
"""Trans women are....."": Clavicular’s viral moment with trans women sparks fresh conversation on internet culture",TOI,General,2026-06-19 14:06:55
